dim0,dim1,dim2,dim3,y
,,-2.8073,-0.44699,0.0
,8.1674,,-1.4621,0.0
3.866,-2.6383,,0.10645,0.0
3.4566,9.5228,-4.0112,-3.5944,0.0
0.32924,,4.5718,-0.9888,0.0
4.3684,,-3.9606,-3.1625,0.0
,3.0129,0.72888,,0.0
2.0922,-6.81,,-0.60216,0.0
3.2032,5.7588,-0.75345,,0.0
1.5356,9.1772,-2.2718,-0.73535,0.0
1.2247,8.7779,-2.2135,-0.80647,0.0
,-2.7066,,0.86291,0.0
1.8993,,0.15394,-3.1108,0.0
,10.843,,-2.9362,0.0
3.404,8.7261,-2.9915,-0.57242,0.0
,-3.3895,3.4896,,0.0
2.6719,3.0646,,,0.0
0.80355,2.8473,4.3439,0.6017,0.0
1.4479,,,-2.1086,0.0
5.2423,11.0272,-4.353,-4.1013,0.0
5.7867,7.8902,,-0.48708,0.0
0.3292,-4.4552,,,0.0
3.9362,10.1622,-3.8235,-4.0172,0.0
0.93584,8.8855,-1.6831,-1.6599,0.0
4.4338,9.887,-4.6795,,0.0
0.7057,-5.4981,,-2.8715,0.0
,-3.7413,5.5777,-0.63578,0.0
-0.38214,8.3909,2.1624,-3.7405,0.0
,9.8187,-4.4113,-3.2258,0.0
4.8906,,,1.0905,0.0
-0.24811,-0.17797,4.9068,0.15429,0.0
1.4884,3.6274,3.308,0.48921,0.0
4.2969,,-2.3874,-0.96164,0.0
,9.4111,1.7305,,0.0
-1.6162,0.80908,8.1628,0.60817,0.0
,6.4417,-0.80743,-0.69139,0.0
,6.0195,-0.46641,,0.0
3.6289,0.81322,1.6277,0.77627,0.0
4.5679,,-2.1055,,0.0
3.4805,9.7008,-3.7541,,0.0
4.1711,,,-0.59699,0.0
-0.2062,9.2207,-3.7044,-6.8103,0.0
-0.0068919,9.2931,-0.41243,-1.9638,0.0
,5.8395,2.3235,,0.0
2.8561,6.9176,-0.79372,0.48403,0.0
-0.7869,9.5663,-3.7867,,0.0
,6.6258,0.48382,-2.2134,0.0
-0.7869,9.5663,-3.7867,,0.0
3.9102,6.065,-2.4534,,0.0
1.6349,3.286,2.8753,,0.0
,-4.8835,3.4356,,0.0
,3.9834,-1.5572,1.0103,0.0
3.1452,5.825,-0.51439,-1.4944,0.0
,,-1.1605,-1.2371,0.0
4.9264,5.496,-2.4774,-0.50648,0.0
4.8265,0.80287,1.6371,,0.0
2.5635,6.7769,,0.38576,0.0
,5.0097,-2.2384,0.43878,0.0
3.1377,-4.1096,4.5701,,0.0
-0.78289,11.3603,-0.37644,,0.0
,0.44696,4.5907,-0.24398,0.0
,5.527,1.7785,,0.0
4.2586,11.2962,-4.0943,-4.3457,0.0
1.7939,,1.5454,-0.26079,0.0
,3.1039,-1.1536,1.5651,0.0
,2.599,,0.20085,0.0
4.6054,-4.0765,2.7587,,0.0
,,-3.0789,-2.7746,0.0
1.0009,7.7846,,-2.6608,0.0
0.12326,,,-2.4332,0.0
3.9529,,2.3792,0.48274,0.0
4.1373,0.49248,1.093,,0.0
,10.0153,-3.9486,-3.8582,0.0
,,3.643,1.0879,0.0
,10.9072,-4.5775,,0.0
,3.5364,0.57551,0.41938,0.0
3.7935,,-2.5477,-1.872,0.0
0.049175,,1.7828,,0.0
0.24835,7.6439,0.9885,-0.87371,0.0
1.1317,,3.3979,0.84351,0.0
2.8033,9.0862,-3.3668,,0.0
4.4682,,0.95766,,0.0
5.0185,,-2.9375,,0.0
1.8664,7.7763,,-2.9634,0.0
3.245,6.63,-0.63435,,0.0
4.0296,2.6756,0.80685,,0.0
-1.1313,1.9037,7.5339,1.022,0.0
0.87603,6.8141,0.84198,-0.17156,0.0
4.1197,,,0.67412,0.0
3.8027,,2.1041,,0.0
1.4806,7.6377,-2.7876,-1.0341,0.0
4.0632,3.584,0.72545,0.39481,0.0
,8.2068,-2.7824,-1.4336,0.0
2.4486,-6.3175,7.9632,0.20602,0.0
3.2718,1.7837,2.1161,0.61334,0.0
,-4.6062,8.347,-2.7099,0.0
2.9543,1.076,0.64577,0.89394,0.0
,-6.8804,,-0.081048,0.0
3.82,,-4.0112,-5.0284,0.0
-2.7419,,2.5394,-5.5793,0.0
3.3669,-5.1856,3.6935,-1.1427,0.0
4.5597,-2.4211,,1.6168,0.0
5.1129,-0.49871,0.62863,,0.0
3.3397,-4.6145,3.9823,-0.23751,0.0
4.2027,0.22761,0.96108,0.97282,0.0
,1.2395,1.997,2.1547,0.0
2.3136,10.6651,-3.5288,-4.7672,0.0
-1.8584,7.886,-1.6643,,0.0
3.106,,-4.2536,,0.0
2.9163,,-3.3437,,0.0
,,3.7304,-0.1095,0.0
1.518,5.6946,,-0.026738,0.0
3.2351,9.647,-3.2074,,0.0
4.2188,6.8162,-1.2804,0.76076,0.0
,,-1.2744,-1.5759,0.0
2.5331,2.9135,-0.822,,0.0
3.8969,7.4163,-1.8245,,0.0
,6.7955,-0.1708,0.4905,0.0
,0.70768,2.29,,0.0
0.9297,-3.7971,4.6429,,0.0
,,-3.4071,-4.109,0.0
4.0713,10.4023,,-4.7582,0.0
-1.4572,,1.7425,,0.0
-1.5075,1.9224,7.1466,,0.0
-0.91718,9.9884,,-5.2263,0.0
,7.2011,-1.2153,0.3211,0.0
-2.343,12.9516,,-5.9426,0.0
3.7818,-2.8846,,,0.0
4.6689,,0.055404,1.909,0.0
3.4663,1.1112,,1.3388,0.0
3.2697,-4.3414,3.6884,-0.29829,0.0
,8.6703,-2.8913,-1.5086,0.0
2.0139,6.1416,,,0.0
0.4339,5.5395,,-0.40432,0.0
-1.0401,,0.85998,-5.3336,0.0
4.1605,,,-4.0819,0.0
5.438,9.4669,-4.9417,-3.9202,0.0
,8.2026,,-1.0341,0.0
5.2418,10.5388,,-4.2797,0.0
-0.2062,9.2207,,,0.0
2.0911,0.94358,4.5512,,0.0
,-0.34765,,-0.99138,0.0
4.1736,3.3336,-1.4244,0.60429,0.0
3.9232,-3.2467,3.4579,0.83705,0.0
,10.1539,-3.8561,,0.0
0.5195,-3.2633,3.0895,-0.9849,0.0
3.8584,0.78425,,1.7008,0.0
1.7496,-0.1759,,,0.0
3.6277,,0.68861,,0.0
2.7391,7.4018,0.071684,,0.0
4.5447,8.2274,-2.4166,-1.5875,0.0
-1.7599,11.9211,,,0.0
,0.21313,0.20278,,0.0
3.4591,11.112,-4.2039,-5.0931,0.0
1.9358,,-0.023425,-2.2586,0.0
2.486,-0.99533,5.3404,,0.0
2.4226,-4.5752,5.947,0.21507,0.0
3.9479,-3.7723,2.883,,0.0
,,3.6558,-0.61251,0.0
1.3566,4.2358,,,0.0
5.0452,,,0.86291,0.0
3.5499,8.6165,-3.2794,-1.2009,0.0
,7.8695,0.26876,-3.7883,0.0
2.4008,9.3593,-3.3565,-3.3526,0.0
4.8851,1.5995,-0.00029081,1.6401,0.0
4.1927,-3.2674,,0.21766,0.0
1.1166,8.6496,-0.96252,-1.8112,0.0
1.0235,,,-2.7125,0.0
,11.8818,2.0458,-5.2728,0.0
0.11739,6.2761,,-2.4746,0.0
0.5706,-0.0248,1.2421,,0.0
,,2.2806,1.0323,0.0
-1.6952,,8.8294,,0.0
,10.7271,,-5.6504,0.0
1.8799,2.4707,2.4931,0.37671,0.0
3.583,,3.4391,-0.12501,0.0
0.19081,9.1297,-3.725,-5.8224,0.0
3.6582,5.6864,-1.7157,-0.23751,0.0
,-1.7775,,0.35214,0.0
,9.798,-3.0361,-2.8224,0.0
1.6426,3.0149,0.22849,-0.147,0.0
-0.11783,,8.03,-0.028031,0.0
-0.69572,8.6165,1.8419,-4.3289,0.0
2.9421,7.4101,-0.97709,-0.88406,0.0
-1.7559,11.9459,,-4.8978,0.0
,10.8803,,-4.3237,0.0
,-4.4614,,-0.15087,0.0
1.8314,6.3672,,0.049554,0.0
4.5645,-3.6275,,0.27714,0.0
2.7365,-5.0325,6.6608,-0.57889,0.0
0.9297,-3.7971,4.6429,-0.2957,0.0
,,-4.1131,-4.6056,0.0
,-0.08485,,0.59136,0.0
4.8272,3.0687,0.68604,0.80731,0.0
-2.341,,0.70403,-7.5836,0.0
-1.8584,7.886,-1.6643,,0.0
,7.257,,-0.86078,0.0
1.9157,,0.23705,-2.0116,0.0
,-2.1914,2.4648,1.1409,0.0
5.8862,5.8747,-2.8167,-0.30087,0.0
-2.0897,10.8265,2.3603,-3.4198,0.0
4.0026,-3.5943,3.5573,0.26809,0.0
-0.78689,9.5663,,-7.5034,0.0
4.1757,10.2615,,-4.3056,0.0
,,0.65005,-0.92544,0.0
4.8077,2.2327,-0.26334,1.5534,0.0
5.3063,5.2684,-2.8904,-0.52716,0.0
2.5605,9.2683,,,0.0
,7.6046,-0.47755,-1.8461,0.0
2.1721,-0.73874,5.4672,,0.0
4.2899,9.1814,-4.6067,-4.3263,0.0
3.5156,,-4.2759,-4.978,0.0
2.614,,-3.7258,-1.3069,0.0
0.68087,2.3259,,,0.0
4.1962,0.74493,,0.753,0.0
6.0919,2.9673,-1.3267,1.4551,0.0
1.3234,3.2964,0.2362,-0.11984,0.0
,1.0326,5.6566,,0.0
-0.16735,7.6274,,,0.0
,,-2.953,-5.8638,0.0
-2.2261,12.5398,2.9438,-3.5258,0.0
2.4196,6.4665,,0.228,0.0
1.0987,0.6394,5.989,-0.58277,0.0
4.6464,,-4.5852,-4.206,0.0
-0.36038,4.1158,3.1143,-0.37199,0.0
,,4.3465,0.78662,0.0
,-0.0248,1.2421,,0.0
-2.6479,,-1.331,-5.4707,0.0
3.1219,-3.137,1.9259,,0.0
,1.5478,0.041694,,0.0
-1.3389,1.552,,,0.0
-2.3361,,3.0835,,0.0
2.2596,-0.033118,,-0.2776,0.0
0.46901,-0.63321,,,0.0
2.7296,,0.51124,,0.0
2.0466,2.03,,-0.083634,0.0
-1.3274,,2.4408,-5.2689,0.0
,,2.6302,1.1047,0.0
3.9994,0.90427,1.1693,1.6892,0.0
2.3952,9.5083,,-3.0086,0.0
3.2704,6.9321,-1.0456,0.23447,0.0
-1.3931,1.5664,7.5382,0.78403,0.0
1.6406,3.5488,1.3964,-0.36424,0.0
2.7744,,,0.075416,0.0
,9.3821,-3.2477,,0.0
4.2134,-2.806,,0.67412,0.0
,0.48213,4.7449,1.225,0.0
2.0597,-0.99326,5.2119,-0.29312,0.0
,0.7098,0.7572,-0.4444,0.0
1.0135,8.4551,,-2.0815,0.0
4.5691,-4.4552,,0.0042961,0.0
0.57461,10.1105,,-4.3922,0.0
0.5734,,-0.9094,-1.872,0.0
,3.257,-1.3721,,0.0
4.0102,10.6568,-4.1388,-5.0646,0.0
,-3.6792,3.8281,1.6297,0.0
3.0934,-2.9177,,,0.0
2.2034,5.9947,,,0.0
3.744,,,1.0077,0.0
3.0329,2.2948,2.1135,0.35084,0.0
3.7731,7.2073,-1.6814,,0.0
,2.8908,0.59693,0.79825,0.0
1.8114,7.6067,-0.9788,-2.4668,0.0
4.988,7.2052,-3.2846,-1.1608,0.0
2.483,6.6155,,,0.0
,4.7055,1.3758,0.081882,0.0
,,0.15394,-1.6134,0.0
3.8496,,-4.1508,,0.0
0.9297,-3.7971,4.6429,-0.2957,0.0
4.9342,,-0.17594,1.6245,0.0
3.8417,10.0215,-4.2699,-4.9159,0.0
5.3915,9.9946,-3.8081,-3.3642,0.0
4.4072,-0.070365,2.0416,1.1319,0.0
2.6946,,-0.40301,0.44912,0.0
5.2756,0.13863,0.12138,1.1435,0.0
3.4312,6.2637,-1.9513,-0.36165,0.0
4.052,,0.45383,0.51248,0.0
,-4.7759,8.4182,-1.8836,0.0
0.89566,7.7763,-2.7473,,0.0
,7.7557,,-3.0771,0.0
0.20977,-0.46146,7.7267,,0.0
,-2.9363,2.1992,0.50084,0.0
,,3.6259,-0.32544,0.0
,-0.89808,8.0883,0.69222,0.0
-1.3,10.2678,-2.953,,0.0
1.7747,-6.4334,8.15,-0.89828,0.0
1.3419,-4.4221,8.09,-1.7349,0.0
0.89606,10.5471,-1.4175,-4.0327,0.0
,2.9487,4.3225,0.7155,0.0
,6.2265,0.12224,-1.4466,0.0
2.5678,3.5136,0.61406,-0.40691,0.0
-2.2153,11.9625,,,0.0
4.1349,6.1189,,-0.19613,0.0
1.934,,4.816,,0.0
2.5068,,3.9249,0.12585,0.0
2.1464,,-0.5778,-2.2302,0.0
0.051979,7.0521,-2.0541,,0.0
1.2706,8.035,-0.19651,-2.1888,0.0
1.143,0.83391,5.4552,-0.56984,0.0
2.2928,9.0386,,-1.2991,0.0
0.3292,-4.4552,4.5718,,0.0
,6.8369,-0.2702,,0.0
1.6849,8.7489,-1.2641,-1.3858,0.0
-1.9177,,2.5454,-3.2763,0.0
,10.4726,-3.0087,-3.2013,0.0
1.0284,,-1.3687,,0.0
0.27451,,-3.2863,-4.8448,0.0
,-4.7863,8.5193,-2.1203,0.0
,10.1788,-4.2185,-4.4245,0.0
,7.6956,,-1.0767,0.0
4.0215,-2.7004,2.4957,,0.0
5.0297,-4.9704,3.5025,-0.23751,0.0
1.5902,2.2948,3.2403,0.18404,0.0
2.1274,,-1.7971,-1.1763,0.0
1.1811,8.3847,-2.0567,,0.0
,-4.4552,4.5718,,0.0
5.7353,5.2808,-2.2598,0.075416,0.0
2.6718,5.6574,0.72974,-1.4892,0.0
1.5799,-4.7076,,-1.5487,0.0
,2.2493,1.3458,-0.037083,0.0
0.5195,-3.2633,3.0895,,0.0
3.7352,9.5911,-3.9032,-3.3487,0.0
-1.7344,,7.7618,0.93532,0.0
,,-3.9298,-4.0819,0.0
3.5257,1.2829,1.9276,,0.0
4.4549,2.4976,1.0313,0.96894,0.0
-0.16108,-6.4624,,-1.5216,0.0
4.2164,9.4607,,-5.2366,0.0
3.5152,6.8224,,-0.46898,0.0
1.6988,2.9094,2.9044,,0.0
1.0607,2.4542,2.5188,,0.0
2.0421,1.2436,4.2171,,0.0
3.5594,1.3078,1.291,1.6556,0.0
3.0009,5.8126,,,0.0
3.9294,1.4112,1.8076,0.89782,0.0
3.4667,-4.0724,,1.5418,0.0
3.966,,,0.33662,0.0
1.0191,,4.9334,0.82929,0.0
0.96414,5.616,2.2138,-0.12501,0.0
1.8205,,0.0099913,0.39481,0.0
,7.8653,-2.3515,-0.71984,0.0
-1.1804,11.5093,0.15565,-6.8194,0.0
4.0329,,,1.1823,0.0
0.66018,10.3878,,,0.0
3.5982,7.1307,-1.3035,0.21248,0.0
-1.8584,7.886,-1.6643,,0.0
,0.46972,,0.91593,0.0
3.3299,0.91254,1.5806,,0.0
3.1088,3.1122,0.80857,,0.0
-4.2859,,3.1392,,0.0
-1.2528,10.2036,2.1787,,0.0
0.5195,,,-0.9849,0.0
0.3292,,4.5718,,0.0
0.88872,5.3449,,,0.0
3.5458,,,-3.9564,0.0
,8.0329,,-3.8853,0.0
2.7206,,-3.3111,-0.96811,0.0
3.2051,,,-0.7819,0.0
2.6917,10.8161,,-4.2888,0.0
-2.3242,11.5176,,,0.0
,-4.2006,4.1914,0.16981,0.0
3.3848,3.2674,0.90967,0.25128,0.0
1.7452,4.8028,2.0878,0.62627,0.0
2.805,0.57732,,,0.0
5.7823,5.5788,-2.4089,-0.056479,0.0
3.8999,1.734,1.6011,0.96765,0.0
3.5189,,,-0.020273,0.0
3.2294,7.7391,,-2.5405,0.0
3.4985,3.1639,0.22677,-0.1651,0.0
2.1948,1.3781,1.1582,0.85774,0.0
2.2526,9.9636,,-2.9944,0.0
,-3.9358,2.8633,-0.017686,0.0
0.74307,11.17,-1.3824,,0.0
1.9105,,-2.3386,,0.0
,0.070346,,-0.50648,0.0
0.58836,10.7727,-1.3884,-4.3276,0.0
3.2303,7.8384,,,0.0
-1.9922,11.6542,,-5.2107,0.0
2.8523,9.0096,-3.761,,0.0
4.2772,2.4955,0.48554,0.36119,0.0
1.5099,0.039307,6.2332,-0.30346,0.0
5.4188,10.1457,,-3.6991,0.0
0.86202,2.6963,4.2908,0.54739,0.0
3.8117,10.1457,-4.0463,,0.0
0.54777,10.3754,,-4.1633,0.0
2.3718,7.4908,0.015989,,0.0
,11.1472,1.9353,-3.4638,0.0
4.6361,,2.8358,1.1991,0.0
-2.2527,11.5321,,-3.2737,0.0
3.7982,,,-4.9728,0.0
-0.36279,8.2895,-1.9213,,0.0
2.1265,6.8783,0.44784,-2.2224,0.0
,5.5643,,-0.16769,0.0
,10.0526,-3.8869,,0.0
-2.2623,12.1177,,,0.0
,4.4303,,-1.7517,0.0
2.6799,3.1349,0.34073,,0.0
-0.39816,5.9781,1.3912,-1.1621,0.0
4.3937,0.35798,2.0416,1.2004,0.0
2.9695,5.6222,,-1.1556,0.0
,-0.15521,6.4911,-0.75346,0.0
2.2123,-5.8395,7.7687,-0.85302,0.0
,6.9383,,0.66377,0.0
3.0864,-2.5845,2.2309,0.30947,0.0
0.3798,,,-0.4444,0.0
0.58982,,1.2353,-2.9595,0.0
0.14783,7.946,1.0742,-3.3409,0.0
-0.062025,,1.099,-1.131,0.0
,1.1319,,0.96118,0.0
0.64295,7.1018,,,0.0
1.941,0.46351,4.6472,1.0879,0.0
4.0047,,1.3621,1.6181,0.0
3.7767,,,-3.5323,0.0
3.4769,-0.15314,2.53,2.4495,0.0
1.9818,9.2621,-3.521,-1.872,0.0
3.8023,-3.8696,4.044,0.95343,0.0
4.3483,,,-4.2539,0.0
1.1518,1.3864,5.2727,-0.43536,0.0
-1.2576,1.5892,7.0078,0.42455,0.0
1.9572,-5.1153,8.6127,-1.4297,0.0
,,2.8204,-3.7418,0.0
-1.1497,,7.701,0.62627,0.0
4.8368,10.0132,,,0.0
-0.12196,,,-4.2267,0.0
,6.3961,,0.58102,0.0
1.742,-4.809,,-2.0659,0.0
-1.5222,10.8409,,,0.0
-1.3,10.2678,,-5.8638,0.0
3.4246,,0.80342,,0.0
2.5503,,,-0.41596,0.0
1.5691,6.3465,-0.1828,,0.0
1.3087,4.9228,2.0013,,0.0
5.1776,,-3.2511,,0.0
2.229,9.6325,-3.1123,-2.7164,0.0
5.6272,10.0857,,,0.0
,8.7986,-2.1672,-0.74182,0.0
0.3798,0.7098,,-0.4444,0.0
0.5415,,1.6825,,0.0
,,-1.9693,0.026279,0.0
4.7285,2.1065,-0.28305,1.5625,0.0
3.4359,0.66216,,1.8922,0.0
,10.2429,,-4.0082,0.0
3.359,9.8022,,-3.7133,0.0
3.6702,2.9942,0.85141,,0.0
1.3349,6.1189,,,0.0
3.1887,-3.4143,2.7742,-0.2026,0.0
,2.9653,0.20021,,0.0
3.9121,2.9735,0.92852,0.60558,0.0
3.9364,10.5885,-3.725,-4.3133,0.0
,-3.2902,,1.0866,0.0
3.6922,,4.3439,1.3517,0.0
,,-2.6848,-0.92544,0.0
0.77124,9.0862,-1.2281,,0.0
3.5761,,-3.9795,,0.0
1.602,6.1251,0.52924,0.47886,0.0
2.6682,10.216,,,0.0
2.0007,1.8644,2.6491,0.47369,0.0
0.64215,3.1287,4.2933,0.64696,0.0
4.3848,-3.0729,3.0423,1.2741,0.0
0.77445,9.0552,-2.4089,,0.0
0.96574,8.393,-1.361,-1.4659,0.0
3.0948,,-2.9007,,0.0
,7.6046,-2.3429,,0.0
-1.9458,11.2217,1.9079,-3.4405,0.0
5.7403,-0.44284,0.38015,,0.0
-2.6989,12.1984,,-8.5482,0.0
,3.5985,1.9387,-0.43406,0.0
2.9742,8.96,-2.9024,-1.0379,0.0
4.5707,7.2094,,,0.0
0.1848,,2.0133,,0.0
0.87256,,-0.7843,,0.0
0.39559,,1.0588,-0.67587,0.0
3.8384,6.1851,-2.0439,-0.033204,0.0
,,-0.81857,-1.8784,0.0
,9.7546,-3.1749,,0.0
3.8213,0.23175,2.0133,,0.0
0.3798,0.7098,,-0.4444,0.0
3.4893,6.69,-1.2042,-0.38751,0.0
,,7.1303,0.027572,0.0
,2.4769,,-0.040962,0.0
0.94732,-0.57113,7.1903,-0.67587,0.0
2.8261,9.4007,,,0.0
,8.3661,0.50781,-3.8155,0.0
0.96788,7.1907,1.2798,,0.0
4.7432,,,1.6543,0.0
,7.2797,-2.2692,-1.144,0.0
3.8832,6.4023,-2.432,,0.0
3.4776,8.811,,,0.0
1.1315,7.9212,1.093,,0.0
2.8237,2.8597,0.19678,,0.0
1.9321,6.0423,0.26019,-2.053,0.0
3.0632,-3.3315,,0.8267,0.0
-1.8411,10.8306,2.769,-3.0901,0.0
,11.3045,-3.3394,-4.4194,0.0
2.5698,-4.4076,5.9856,,0.0
-0.12624,,-3.7121,-6.1185,0.0
,-4.0951,4.367,,0.0
,,8.4756,0.75558,0.0
0.5706,-0.0248,,-0.5621,0.0
0.88444,6.5906,0.55837,-0.44182,0.0
3.8644,3.7061,0.70403,0.35214,0.0
1.2999,,2.0107,-0.18967,0.0
,-6.8638,8.132,,0.0
4.9294,0.27727,0.20792,,0.0
2.8297,6.3485,-0.73546,-0.58665,0.0
2.565,,-2.9941,,0.0
2.093,8.3061,,-3.2724,0.0
4.6014,,-2.1235,0.19309,0.0
5.0617,-0.35799,0.44698,,0.0
-0.2951,,,-2.0789,0.0
,,1.8908,0.73231,0.0
,2.5017,1.5215,0.903,0.0
2.6648,10.754,,-4.1685,0.0
5.9374,,-2.5905,-0.36553,0.0
2.0153,1.8479,3.1375,0.42843,0.0
,,-2.8544,-0.60863,0.0
-2.3983,12.606,2.9464,-5.7888,0.0
1.762,4.3682,2.1384,0.75429,0.0
4.2406,-2.4852,1.608,0.7155,0.0
3.4669,6.87,-1.0568,-0.73147,0.0
3.1896,5.7526,-0.18537,-0.30087,0.0
0.81356,9.1566,-2.1492,-4.1814,0.0
0.52855,,,-1.0483,0.0
2.1319,-2.0403,2.5574,-0.061652,0.0
0.33111,4.5731,2.057,-0.18967,0.0
1.2746,8.8172,-1.5323,-1.7957,0.0
2.2091,7.4556,-1.3284,,0.0
2.5328,,-0.41929,-2.6478,0.0
,1.4609,1.3501,1.9284,0.0
-1.3885,12.5026,0.69118,-7.5487,0.0
5.7227,5.8312,-2.4097,,0.0
,10.3567,-3.7301,-3.6991,0.0
2.5227,,,0.79438,0.0
0.045304,6.7334,,-0.9332,0.0
4.8278,7.7598,,-1.2216,0.0
1.9476,,8.527,-1.8668,0.0
2.7659,0.66216,4.1494,-0.28406,0.0
,-0.76771,7.7575,0.64179,0.0
,-0.053811,5.6703,-1.3509,0.0
,1.4816,-0.48355,,0.0
3.9772,,,2.1625,0.0
3.6667,4.302,0.55923,0.33791,0.0
2.8232,10.8513,,-3.9784,0.0
,11.6542,-0.057699,,0.0
4.2458,1.1981,,0.94696,0.0
4.1038,-4.8069,3.3491,-0.49225,0.0
1.4507,8.7903,-2.2324,-0.65259,0.0
3.4647,-3.9172,3.9746,,0.0
1.8533,6.1458,1.0176,-2.0401,0.0
,,1.9507,1.9375,0.0
3.9719,,0.75973,1.0013,0.0
,9.3614,-3.6316,-1.2461,0.0
,9.887,-4.0788,,0.0
3.0672,-4.4117,3.8238,,0.0
2.6463,,6.3549,0.003003,0.0
2.2893,3.733,,-0.39786,0.0
,7.9274,-0.056842,-2.1694,0.0
4.0405,0.51524,,1.106,0.0
4.3846,-4.8794,3.3662,-0.029324,0.0
2.0165,-0.25246,5.1707,1.0763,0.0
4.0446,11.1741,-4.3582,,0.0
-0.33729,-0.64976,,0.72326,0.0
-2.4604,12.7302,0.91738,-7.6418,0.0
4.1195,10.9258,,-4.1802,0.0
,0.82356,,1.4202,0.0
1.5701,7.9129,0.29018,-2.1953,0.0
,7.586,-0.28562,-1.6677,0.0
5.0214,,,-1.7155,0.0
4.3435,3.3295,0.83598,0.64955,0.0
1.8238,,8.3873,-0.54139,0.0
3.9382,0.9291,0.78543,0.6767,0.0
2.2517,-5.1422,,-1.2487,0.0
5.504,10.3671,-4.413,-4.0211,0.0
2.8521,,-3.6461,-1.2047,0.0
1.1676,9.1566,-2.0867,-0.80647,0.0
2.6104,,-0.23592,,0.0
0.32444,10.067,,-4.1284,0.0
,,3.3954,-0.53751,0.0
2.1752,-0.8091,,,0.0
1.1588,8.9331,-2.0807,-1.1272,0.0
4.7072,8.2957,-2.5605,-1.4905,0.0
-1.9667,11.8052,-0.40472,-7.8719,0.0
4.0552,0.40143,,0.65343,0.0
2.3678,-6.839,8.4207,-0.44829,0.0
0.33565,6.8369,0.69718,-0.55691,0.0
4.3398,-5.3036,3.8803,,0.0
,8.5482,0.4187,-2.1784,0.0
1.4276,8.3847,-2.0995,-1.9677,0.0
-0.27802,8.1881,-3.1338,-2.5276,0.0
0.93611,,-1.6351,-1.3043,0.0
4.6352,-3.0087,2.6773,1.212,0.0
1.5268,-5.5871,8.6564,-1.722,0.0
0.95626,2.4728,4.4578,0.21636,0.0
,,6.7756,-0.39915,0.0
5.2032,3.5116,-1.2538,1.0129,0.0
,7.2321,-1.0713,,0.0
,5.1815,1.0673,,0.0
5.6084,10.3009,-4.8003,-4.3534,0.0
1.105,7.4432,0.41099,-3.0332,0.0
3.9292,-2.9156,,,0.0
1.1558,,1.5506,0.6961,0.0
2.5581,2.6218,1.8513,0.40257,0.0
2.7831,10.9796,-3.557,-4.4039,0.0
3.7635,2.7811,,0.34179,0.0
-2.6479,,-1.331,-5.4707,0.0
1.0652,8.3682,-1.4004,-1.6509,0.0
-1.4275,,0.41613,-6.9978,0.0
5.7456,10.1808,-4.7857,,0.0
5.086,3.2798,,1.1189,0.0
3.4092,5.4049,-2.5228,-0.89958,0.0
,9.3221,2.1307,-4.3793,0.0
3.8197,,-4.383,-4.0327,0.0
-1.1391,1.8127,6.9144,0.70127,0.0
4.9249,,,1.2095,0.0
,,-0.029423,0.44912,0.0
-0.2062,,-3.7044,,0.0
3.946,6.8514,-1.5443,-0.5582,0.0
-0.278,8.1881,-3.1338,-2.5276,0.0
1.8592,3.2074,,-0.26208,0.0
0.56953,,1.5754,,0.0
3.4626,-4.449,3.5427,0.15429,0.0
3.3951,,2.1401,2.0862,0.0
5.0429,-0.52974,0.50439,1.106,0.0
,7.1783,-1.5195,0.40128,0.0
4.6562,,-2.4243,-1.2384,0.0
4.0948,-2.9674,2.3689,,0.0
1.8384,6.063,0.54723,0.51248,0.0
,0.43661,,-0.3151,0.0
3.5251,0.7201,,0.64438,0.0
,,3.8255,-1.2526,0.0
2.5989,3.5178,,0.81119,0.0
1.8994,0.97462,,0.81377,0.0
3.6941,-3.9482,4.2625,1.1577,0.0
4.4295,-2.3507,,0.90946,0.0
6.8248,5.2187,,0.5461,0.0
1.8967,,2.8093,-0.79742,0.0
2.1526,,8.0831,-0.34355,0.0
3.3004,7.0811,-1.3258,,0.0
2.7213,7.05,-0.58808,,0.0
3.8846,,,0.20214,0.0
4.1665,,0.23448,0.27843,0.0
0.94225,5.8561,,-0.32544,0.0
5.1321,-0.031048,0.32616,1.1151,0.0
0.38251,6.8121,1.8128,-0.61251,0.0
,,2.3183,0.303,0.0
,,-0.11168,-0.58665,0.0
1.162,,,-4.0392,0.0
,,1.3098,0.5655,0.0
0.77765,5.9781,1.1941,,0.0
-0.38388,,8.0514,,0.0
0.21084,9.4359,-0.094543,-1.859,0.0
2.9571,-4.5938,,,0.0
4.6439,-3.3729,2.5976,0.55257,0.0
3.3577,-4.3062,6.0241,0.18274,0.0
,,1.0579,0.40774,0.0
2.6562,10.7044,-3.3085,-4.0767,0.0
,10.694,1.7022,-2.9026,0.0
-0.278,8.1881,-3.1338,,0.0
1.04,-6.9321,8.2888,-1.2991,0.0
,2.7356,1.3278,-0.1832,0.0
4.2756,-2.6528,2.1375,,0.0
-0.11996,6.8741,0.91995,-0.6694,0.0
2.9736,,-3.6359,-1.3754,0.0
3.7798,,2.6491,0.066365,0.0
5.3586,3.7557,-1.7345,1.0789,0.0
1.8373,6.1292,,0.55257,0.0
1.2262,0.89599,5.7568,-0.11596,0.0
-0.048008,-0.56078,7.7215,0.453,0.0
0.5706,-0.024841,,,0.0
4.3634,0.46351,1.4281,2.0202,0.0
3.482,,3.5008,,0.0
0.51947,-3.2633,,-0.98492,0.0
,-2.628,3.1529,,0.0
-1.8348,,,-4.8888,0.0
,8.8793,,-0.53751,0.0
,5.8974,,-0.70044,0.0
,7.1328,-0.31475,,0.0
0.25035,9.3262,,-6.2543,0.0
2.4673,1.3926,1.7125,,0.0
0.77805,,-1.1425,-1.0573,0.0
3.4465,2.9508,,0.5461,0.0
,-4.1427,5.2333,-0.40173,0.0
3.7321,,3.3577,-0.0060486,0.0
4.3365,-3.584,3.6884,,0.0
-2.0759,,,-4.837,0.0
,7.6398,-2.0824,-1.1698,0.0
0.76163,,1.1959,-0.64613,0.0
-0.53966,7.3273,0.46583,,0.0
2.6213,5.7919,0.065686,-1.5759,0.0
,,2.5865,-0.54785,0.0
5.8519,5.3905,-2.4037,,0.0
0.5706,-0.0248,1.2421,-0.5621,0.0
3.9771,,-3.9272,-4.3444,0.0
1.5478,9.1814,-1.6326,-1.7375,0.0
0.74054,,2.1992,,0.0
0.49571,10.2243,-1.097,-4.0159,0.0
,7.8612,-0.87598,-3.5569,0.0
3.6077,6.8576,-1.1622,,0.0
3.2403,-3.7082,5.2804,0.41291,0.0
,10.2491,-4.0926,-4.4659,0.0
3.9262,,-2.0156,-0.065531,0.0
5.591,10.4643,-4.3839,-4.3379,0.0
3.7522,,3.9943,1.3051,0.0
1.3114,4.5462,2.2935,,0.0
,6.9942,-1.8511,-0.12889,0.0
4.364,-3.1039,2.3757,,0.0
3.5829,1.4423,1.0219,,0.0
4.65,,3.4553,-0.25174,0.0
5.1731,,,0.40774,0.0
3.2692,,,-0.066824,0.0
,1.6223,3.0312,0.71679,0.0
1.7257,-4.4697,,-1.8073,0.0
4.7965,6.9859,-1.9967,-0.35001,0.0
,10.1891,-3.9323,,0.0
2.5559,3.3605,,0.26809,0.0
3.4916,8.5709,-3.0326,-0.59182,0.0
0.5195,-3.2633,3.0895,-0.9849,0.0
2.9856,,-0.409,-2.2431,0.0
4.0932,5.4132,-1.8219,,0.0
1.7748,-0.76978,,,0.0
5.2012,,,1.1797,0.0
,-1.3678,7.0858,,0.0
4.8451,,,-1.4724,0.0
,7.2756,1.1504,-0.5388,0.0
5.1213,8.5565,,-1.5474,0.0
3.6181,,,-0.71208,0.0
0.040498,8.5234,1.4461,,0.0
,10.1374,,-5.4707,0.0
,0.70975,0.75716,-0.44441,0.0
-0.95923,,6.2204,,0.0
2.8672,10.0008,-3.2049,-3.1095,0.0
1.0182,9.109,-0.62064,-1.7129,0.0
-2.7143,,2.1092,-3.9629,0.0
3.8244,-3.1081,2.4537,0.52024,0.0
,2.121,1.8385,0.38317,0.0
3.5358,,,0.47886,0.0
,,2.2215,-4.5965,0.0
4.1542,7.2756,-2.4766,-1.2099,0.0
0.92703,9.4318,-0.66263,,0.0
1.8216,-6.4748,8.0514,-0.41855,0.0
-2.4473,12.6247,,-7.6612,0.0
3.5862,-3.0957,,0.24481,0.0
0.66191,9.6594,-0.28819,-1.6638,0.0
4.7926,1.7071,,,0.0
4.9852,8.3516,-2.5425,-1.2823,0.0
0.75736,3.0294,2.9164,-0.068117,0.0
4.6499,7.6336,-1.9427,-0.37458,0.0
-0.023579,7.1742,0.78457,-0.75734,0.0
0.85574,0.0082678,,-0.53104,0.0
0.88298,0.66009,6.0096,,0.0
,-4.391,4.7466,1.137,0.0
2.2546,8.0992,,-3.2698,0.0
0.38478,,,-0.56466,0.0
3.1541,-5.1711,6.5991,0.57455,0.0
,0.23589,4.8477,1.437,0.0
4.7114,2.0755,,1.2379,0.0
,10.1477,-3.9366,-4.0728,0.0
2.6606,3.1681,,,0.0
3.931,1.8541,,1.2314,0.0
,8.693,1.3989,-3.9668,0.0
,,1.4015,1.1952,0.0
2.2504,3.5757,,0.2836,0.0
,3.3191,-1.3927,-1.9948,1.0
0.39012,-0.14279,-0.031994,0.35084,1.0
-1.6677,-7.1535,,0.96765,1.0
-3.8483,-12.8047,15.6824,-1.281,1.0
-3.5681,,10.083,0.96765,1.0
-2.2804,-0.30626,,,1.0
-1.7582,2.7397,,-2.234,1.0
-0.89409,3.1991,-1.8219,-2.9452,1.0
0.3434,0.12415,-0.28733,0.14654,1.0
-0.9854,,5.8245,0.5461,1.0
-2.4115,-9.1359,,,1.0
,-6.2534,5.3524,0.59912,1.0
-0.61442,-0.091058,-0.31818,0.50214,1.0
-0.36506,2.8928,-3.6461,-3.0603,1.0
-5.9034,6.5679,0.67661,-6.6797,1.0
-1.8215,,-0.72261,-2.353,1.0
-0.77461,-1.8768,2.4023,1.1319,1.0
-1.8187,-9.0366,9.0162,-0.12243,1.0
-3.5801,,13.1779,,1.0
-1.8219,,5.4681,0.057313,1.0
-0.3481,-0.38696,-0.47841,0.62627,1.0
0.47368,,-4.5064,-4.0431,1.0
-3.4083,4.8587,-0.76888,-4.8668,1.0
-1.6662,-0.30005,1.4238,0.024986,1.0
-2.0962,-7.1059,6.6188,,1.0
-2.6685,-10.4519,9.1139,-1.7323,1.0
-0.47465,-4.3496,1.9901,,1.0
1.0552,1.1857,-2.6411,,1.0
1.1644,3.8095,-4.9408,,1.0
-4.4779,7.3708,,,1.0
-2.7338,0.45523,,0.21766,1.0
-2.286,-5.4484,,,1.0
-1.6244,,4.6575,,1.0
0.50813,0.47799,-1.9804,0.57714,1.0
1.6408,4.2503,-4.9023,-2.6621,1.0
0.81583,4.84,,-6.0823,1.0
-5.4901,,-0.38758,-5.9763,1.0
-3.2238,2.7935,0.32274,-0.86078,1.0
,-1.5147,1.219,0.44524,1.0
-0.91318,-2.0113,-0.19565,0.066365,1.0
,1.9327,,-0.32415,1.0
0.91315,3.3377,-4.0557,-1.6741,1.0
-0.28015,3.0729,-3.3857,-2.9155,1.0
-3.6085,3.3253,,-3.5737,1.0
-6.2003,8.6806,0.0091344,,1.0
-4.2932,3.3419,0.77258,-0.99785,1.0
-3.0265,,0.68604,-0.055186,1.0
-1.7015,-0.010356,-0.99337,-0.53104,1.0
-0.64326,2.4748,,-1.0276,1.0
-0.86339,,-2.3729,,1.0
-2.0659,1.0512,-0.46298,-1.0974,1.0
,1.5685,-0.084261,-1.7453,1.0
-1.2568,-1.4733,2.8718,0.44653,1.0
,,10.7402,-1.0172,1.0
-4.8554,-5.9037,10.9818,-0.82199,1.0
-2.588,3.8654,-0.3336,-1.2797,1.0
,1.4733,-1.4192,-0.58535,1.0
-1.5322,,6.6779,0.17498,1.0
-4.0025,-13.4979,17.6772,-3.3202,1.0
,-8.3123,,-1.4375,1.0
,-0.53181,,0.77627,1.0
-1.979,,-1.3575,-2.5819,1.0
,-0.14693,,-0.15605,1.0
,-7.0314,7.4936,0.61334,1.0
-4.211,-12.4736,14.9704,-1.3884,1.0
-3.8073,-8.0971,10.1772,0.65084,1.0
-2.5912,-0.10554,,,1.0
-2.2482,3.0915,,-2.6711,1.0
-1.4427,3.2922,,-3.4392,1.0
-0.39416,-0.020702,-0.066267,,1.0
-1.522,,5.7491,,1.0
-2.8267,-9.0407,,-0.98233,1.0
-1.7263,,5.2419,0.29524,1.0
-0.94255,0.039307,-0.24192,,1.0
-0.89569,3.0025,,-3.4457,1.0
,,0.52581,-7.0107,1.0
-2.3211,3.166,-1.0002,-2.7151,1.0
-1.3414,-2.0776,2.8093,,1.0
-2.258,-9.3263,9.3727,,1.0
-3.8858,-12.8461,12.7957,-3.1353,1.0
-1.8969,-6.7893,5.2761,-0.32544,1.0
-0.52645,,-0.45613,0.41938,1.0
0.0096613,3.5612,-4.407,-4.4103,1.0
-3.8826,4.898,,-5.0801,1.0
-2.1405,-0.16762,1.321,-0.20906,1.0
-2.4824,-7.3046,6.839,-0.59053,1.0
-2.9098,-10.0712,,,1.0
-0.60975,-4.002,1.8471,,1.0
,1.1071,-2.4706,-0.062945,1.0
,3.9544,-4.772,-4.4853,1.0
-4.8861,7.0542,-0.17252,-6.959,1.0
-3.1366,0.42212,,-0.064238,1.0
,-5.6574,6.103,,1.0
-1.8782,,4.8486,-0.021566,1.0
,0.57318,-1.9402,0.44007,1.0
1.296,4.2855,,-2.9013,1.0
0.25943,5.0097,-5.0394,,1.0
,9.1752,-0.27448,,1.0
,2.6901,0.16165,-1.0224,1.0
,,1.1273,0.16076,1.0
,-1.7175,,-0.21036,1.0
0.20216,1.9182,-3.2828,-0.61768,1.0
0.59823,3.5012,,-1.7841,1.0
,,-3.282,-3.1004,1.0
-4.1409,3.4619,-0.47841,-3.8879,1.0
-6.5084,8.7696,0.23191,-3.937,1.0
-4.4996,3.4288,0.56265,-1.1672,1.0
-3.3125,0.10139,0.55323,-0.2957,1.0
-1.9423,0.3766,,-0.82458,1.0
-0.75793,2.5349,-3.0464,-1.2629,1.0
-0.95403,1.9824,,,1.0
-2.2173,,-0.72689,-1.1724,1.0
-2.799,1.9679,-0.42357,-2.1125,1.0
-1.8629,-0.84841,2.5377,0.097399,1.0
-3.5916,,10.2389,-1.1543,1.0
,-5.3118,10.3846,-1.0612,1.0
-3.2854,4.0372,,-1.8228,1.0
-0.56877,1.4174,-1.4252,-1.1246,1.0
-2.3518,,6.6479,-0.060358,1.0
-4.4861,-13.2889,17.3087,,1.0
-4.3876,-7.7267,11.9655,-1.4543,1.0
-3.3604,-0.32696,2.1324,0.6017,1.0
-1.0112,2.9984,,-1.6185,1.0
0.030219,-1.0512,,,1.0
,,9.1122,1.2379,1.0
-3.2692,,15.5573,-0.14182,1.0
-2.5701,-6.8452,8.9999,,1.0
-1.3066,,,1.7758,1.0
,3.2881,-2.2701,-2.2224,1.0
-0.55008,2.8659,-1.6488,-2.4319,1.0
0.21431,,0.87711,,1.0
,-7.4473,6.492,0.36119,1.0
-1.8391,-9.0883,,,1.0
-0.63298,-5.1277,,1.4797,1.0
,0.62905,-0.64121,,1.0
-0.28696,3.1784,-3.5767,,1.0
,6.6258,-0.19908,-6.8607,1.0
-1.4446,2.1438,,,1.0
-0.65767,-2.8018,3.7115,0.99739,1.0
-1.5449,,9.6152,,1.0
-2.8957,,11.9149,-2.7552,1.0
-0.81479,-5.7381,4.3919,0.3211,1.0
,0.65388,-1.1793,0.39998,1.0
0.74521,3.6357,,-4.1414,1.0
-2.9146,,-0.45699,,1.0
-1.3907,-1.3781,2.3055,,1.0
-1.786,-8.1157,7.0858,-1.2112,1.0
-1.7322,,7.719,-1.7168,1.0
0.55298,,1.7048,,1.0
2.031,1.852,-3.0121,0.003003,1.0
1.2279,,-4.6435,,1.0
-4.2249,6.2699,,-5.5457,1.0
-2.5346,-0.77392,3.3602,0.00171,1.0
-1.749,-6.332,6.0987,0.14266,1.0
-0.539,-5.167,3.4399,,1.0
,0.89599,-1.9702,0.65472,1.0
2.3917,4.5565,-4.9888,,1.0
0.89512,4.7738,-4.8431,-5.5909,1.0
-5.4808,8.1819,,-5.0323,1.0
-2.8833,,,-0.4638,1.0
,-2.2535,1.518,0.61981,1.0
,-0.94981,-1.0731,0.3211,1.0
1.5904,,,-0.11725,1.0
,3.6833,,-1.7207,1.0
-0.23356,3.2405,-3.0669,-2.7784,1.0
-3.6227,3.9958,-0.35845,-3.9047,1.0
-6.1536,7.9295,0.61663,-3.2646,1.0
-3.9172,,0.78886,-0.7819,1.0
-2.2214,-0.23798,0.56008,,1.0
-0.49241,0.89392,-1.6283,,1.0
,2.4066,,-0.59958,1.0
-0.10234,,,-0.56725,1.0
,1.0926,-0.35502,-0.59958,1.0
-1.8448,1.254,0.27218,-1.0728,1.0
-1.2786,-2.4087,4.5735,,1.0
-2.902,,11.8318,-0.84268,1.0
-4.3773,-5.5167,10.939,-0.4082,1.0
-2.0529,3.8385,,-1.2138,1.0
,0.70148,-0.51182,,1.0
-1.7279,-6.841,,0.68058,1.0
-3.3793,,17.9274,-2.0323,1.0
,-7.1121,11.3897,-0.083634,1.0
,,1.949,1.353,1.0
-1.7697,3.4329,,-2.3789,1.0
-0.0012852,0.13863,-0.19651,0.0081754,1.0
,,7.1398,1.3323,1.0
-3.4917,-12.1736,14.3689,-0.61639,1.0
-3.1158,,10.4403,0.97153,1.0
-2.0891,-0.48422,1.704,1.7435,1.0
-1.6936,2.7852,-2.1835,-1.9276,1.0
,3.2715,-1.7671,,1.0
-0.092194,0.39315,-0.32846,-0.13794,1.0
,-6.3879,,0.79955,1.0
-2.2083,-9.1069,8.9991,-0.28406,1.0
-1.0744,-6.3113,5.355,0.80472,1.0
-0.51003,-0.23591,0.020273,,1.0
-0.36372,3.0439,,-2.7836,1.0
-6.3979,6.4479,1.0836,-6.6176,1.0
-2.2501,3.3129,-0.88369,-2.8974,1.0
-1.1859,,2.2635,0.77239,1.0
-1.8076,-8.8131,,-0.21682,1.0
-3.3863,,13.0545,-2.7202,1.0
-1.4106,,,0.31335,1.0
,-0.68287,0.096532,,1.0
,3.5674,-4.3882,-3.8116,1.0
-3.8167,5.1401,-0.65063,-5.4306,1.0
-1.9555,0.20692,,,1.0
-2.1786,-6.4479,6.0344,-0.20777,1.0
-2.3299,,8.4756,-1.8733,1.0
0.0031201,,1.7956,0.91722,1.0
1.3518,1.0595,,0.39998,1.0
1.2309,3.8923,-4.8277,-4.0069,1.0
,7.5032,,-7.5034,1.0
-3.0799,,2.7039,-0.23751,1.0
-2.2987,-5.227,5.63,0.91722,1.0
,-6.541,4.8151,-0.033204,1.0
,,-1.6506,0.83834,1.0
,4.2068,-4.5398,-2.3931,1.0
0.63655,5.2022,-5.2159,-6.1211,1.0
-6.0598,9.2952,,-6.3694,1.0
-3.518,2.8763,0.1548,-1.2086,1.0
,,1.1582,0.36507,1.0
-0.69745,,-0.34474,,1.0
0.75108,,-3.1098,-0.20518,1.0
,3.4826,-3.6307,,1.0
,3.2136,-3.3085,-2.7965,1.0
-3.6817,3.2239,-0.69347,-3.4004,1.0
-6.7526,8.8172,,,1.0
-4.577,3.4515,0.66719,-0.94742,1.0
-2.9883,0.31245,,,1.0
-1.4781,,-1.1622,-0.48579,1.0
-0.46651,,-2.9812,-1.0431,1.0
-0.8734,1.6533,-2.1964,-0.78061,1.0
-2.1234,1.1815,-0.55552,,1.0
-2.3142,2.0838,-0.46813,-1.6767,1.0
-1.4233,,2.3586,0.39481,1.0
-3.0866,-6.6362,10.5405,-0.89182,1.0
,-6.1789,,-1.0741,1.0
,3.8964,-0.1888,-1.1672,1.0
-0.036127,1.525,-1.4089,-0.76121,1.0
-1.7104,-4.778,6.2109,,1.0
-3.8203,-13.0551,16.9583,-2.3052,1.0
,-8.5089,12.363,-0.95518,1.0
-2.899,-0.60424,2.6045,1.3776,1.0
-0.98193,2.7956,-1.2341,-1.5668,1.0
-0.17296,,1.3818,0.7336,1.0
-1.9409,-8.6848,9.155,,1.0
-3.5713,-12.4922,14.8881,-0.47027,1.0
-2.9915,-6.6258,8.6521,,1.0
-1.8483,,0.77344,,1.0
-2.2677,,,-2.4642,1.0
-0.50816,2.868,-1.8108,-2.2612,1.0
,-1.0885,,0.48791,1.0
-0.90784,-7.9026,6.7807,0.34179,1.0
,-9.3676,9.3333,-0.10303,1.0
,-5.1008,4.5367,,1.0
-0.40804,0.54214,-0.52725,0.6586,1.0
,3.3812,-3.6684,,1.0
-4.8392,6.6755,-0.24278,-6.5775,1.0
,2.1376,-0.47584,-1.3974,1.0
-0.66008,-3.226,3.8058,1.1836,1.0
-1.7713,-10.7665,10.2184,,1.0
,-12.2377,,-2.1603,1.0
-1.1022,-5.8395,4.5641,,1.0
0.11806,,,0.42843,1.0
,3.735,-4.4379,,1.0
-2.7264,3.9213,-0.49212,-3.6371,1.0
-1.2369,-1.6906,2.518,0.51636,1.0
-1.8439,-8.6475,7.6796,,1.0
-1.8554,-9.6035,7.7764,,1.0
0.16358,-3.3584,,1.3569,1.0
,1.9596,-3.0584,,1.0
,4.1199,,-4.1414,1.0
-3.9934,,0.54723,-4.9379,1.0
-2.3898,-0.78427,3.0141,0.76205,1.0
-1.7976,,6.6753,0.89912,1.0
-0.70867,,4.0483,0.903,1.0
,1.1029,-2.3,,1.0
1.7875,,,-3.2362,1.0
0.27331,4.8773,-4.9194,-5.8198,1.0
-5.1661,8.0433,0.044265,-4.4983,1.0
-2.7028,1.6327,0.83598,-0.091393,1.0
-1.4904,,1.6054,,1.0
-0.014902,-1.0243,-0.94024,0.64955,1.0
,2.2638,-3.1046,,1.0
1.0637,3.6957,-4.1594,,1.0
,3.1329,,-2.9388,1.0
,4.0289,-0.35845,,1.0
-5.8818,7.6584,,-2.9155,1.0
,2.5162,,-0.30993,1.0
-2.4198,-0.24418,0.70146,0.41809,1.0
-0.83535,0.80494,-1.6411,,1.0
-0.30432,2.6528,,-0.65647,1.0
,1.7237,,-0.77027,1.0
-2.1059,1.1815,-0.53324,-0.82716,1.0
-2.0441,1.2271,0.18564,-1.091,1.0
,-2.2121,4.2591,,1.0
-3.2305,-7.2135,11.6433,-0.94613,1.0
-4.8426,,10.4052,-0.53104,1.0
-2.3147,,-0.6969,,1.0
-0.11716,0.60422,,,1.0
,-6.719,9.0162,0.099985,1.0
-3.6961,,17.5795,-2.6181,1.0
-3.6012,,10.5234,,1.0
-2.6286,0.18002,,0.97282,1.0
-0.82601,,-1.2864,,1.0
0.31803,-0.99326,,,1.0
-1.4454,-8.4385,,0.96894,1.0
-3.1423,-13.0365,15.6773,,1.0
-2.5373,-6.959,8.8054,,1.0
-1.366,0.18416,0.90539,1.5806,1.0
-1.7064,,-2.2829,-2.1978,1.0
,2.9094,-1.7859,-2.2069,1.0
0.37637,,,0.74524,1.0
,-7.9233,6.7156,0.74394,1.0
-1.6001,-9.5828,,0.081882,1.0
-0.37013,-5.554,4.7749,1.547,1.0
0.12126,,-0.47327,0.97024,1.0
,3.2674,-3.5562,-3.0888,1.0
-5.119,,-0.049987,-6.5206,1.0
-1.3946,2.3134,-0.44499,-1.4905,1.0
-0.69879,-3.3771,4.1211,1.5043,1.0
,-10.5244,9.9176,-0.5026,1.0
,-12.813,12.6689,-1.9082,1.0
-0.62684,,4.7843,1.106,1.0
0.518,0.25865,-0.84085,0.96118,1.0
0.64376,3.764,-4.4738,-4.0483,1.0
-2.9821,4.1986,-0.5898,,1.0
-1.4628,-1.5706,,0.49826,1.0
-1.7101,-8.7903,,-0.45475,1.0
-1.5572,,8.1088,,1.0
,-3.7723,1.6131,1.5754,1.0
2.0177,,-2.9581,,1.0
1.164,3.913,-4.5544,,1.0
-4.3667,6.0692,,-5.4668,1.0
-2.5919,,3.8949,0.77757,1.0
-1.8046,-6.8141,6.7019,1.1681,1.0
-0.71868,,,1.0233,1.0
1.4378,0.66837,,1.0271,1.0
,4.5503,-4.976,,1.0
0.7376,,-4.7986,-5.6659,1.0
-5.637,8.1261,0.13081,,1.0
-3.0193,1.7775,,-0.45346,1.0
-1.6706,-2.09,1.584,,1.0
-0.1269,,-0.95138,0.57843,1.0
1.2198,2.0982,-3.1954,,1.0
1.4501,3.6067,-4.0557,-1.5966,1.0
,3.0977,-2.9607,-2.6892,1.0
-3.8952,3.8157,-0.31304,,1.0
-6.3679,8.0102,0.4247,-3.2207,1.0
-4.1429,2.7749,,-0.71984,1.0
-2.6864,-0.097265,0.61663,0.061192,1.0
-1.0555,0.79459,-1.6968,-0.46768,1.0
-0.29858,,-2.9512,-0.66165,1.0
-0.49948,1.7734,-2.2469,-0.68104,1.0
-1.9881,0.99945,-0.28562,,1.0
-1.9389,,0.045979,-1.122,1.0
-1.4375,-1.8624,4.026,,1.0
,,11.8678,-0.57889,1.0
,-5.6636,10.969,-0.33449,1.0
,3.8468,-0.63435,-1.175,1.0
0.26637,,-0.67891,0.03533,1.0
-1.7589,-6.4624,,0.31981,1.0
,-13.6593,,-2.4927,1.0
-3.3582,-7.2404,11.4419,-0.57113,1.0
-2.3629,-0.10554,1.9336,1.1358,1.0
,3.3791,-1.2256,-2.6621,1.0
,-0.15521,,-0.088807,1.0
-2.2918,-7.257,,0.9211,1.0
-4.0214,-12.8006,,-0.95647,1.0
-3.3884,,10.3315,0.98187,1.0
-2.0046,,1.333,1.6543,1.0
,2.7956,-2.378,-2.3491,1.0
-1.6386,3.3584,,-3.5646,1.0
-0.41645,0.32487,-0.33617,,1.0
-1.5877,-6.6072,5.8022,0.31593,1.0
-2.5961,-9.349,,,1.0
-1.5228,-6.4789,5.7568,0.87325,1.0
-0.53072,-0.097265,,1.0426,1.0
,,-3.6436,-3.1004,1.0
-6.5773,6.8017,,-7.5344,1.0
,2.7645,-0.62578,-2.8573,1.0
-1.3995,-1.9162,2.5154,0.59912,1.0
-2.3221,-9.3304,,,1.0
-3.73,-12.9723,,-2.684,1.0
-1.6988,-7.1163,5.7902,0.16723,1.0
-0.26654,-0.64562,,0.89136,1.0
,3.3108,-4.5081,-4.012,1.0
,4.7283,-0.49126,-5.2159,1.0
,,1.9833,-0.44829,1.0
,,6.8964,-0.64484,1.0
-2.7611,-10.5099,,-1.9547,1.0
-0.36025,-4.449,2.1067,0.94308,1.0
1.0117,0.9022,-2.3506,0.42714,1.0
,3.8426,,-4.1323,1.0
-5.2049,,0.070827,-7.3004,1.0
-3.3203,-0.02691,2.9618,-0.44958,1.0
-2.565,,6.0122,,1.0
,-6.572,4.7689,,1.0
0.7049,0.17174,,0.36119,1.0
1.7331,3.9544,-4.7412,-2.5017,1.0
0.6818,4.8504,,-6.1043,1.0
-6.3364,9.2848,0.014275,-6.7844,1.0
-3.8053,2.4273,0.6809,-1.0871,1.0
-2.1979,-2.1252,,0.45171,1.0
-0.87874,-2.2121,-0.051701,,1.0
0.74067,1.7299,-3.1963,-0.1457,1.0
0.98296,3.4226,-3.9692,-1.7116,1.0
-0.3489,,-3.4054,,1.0
,3.5219,-0.38415,,1.0
-6.9599,8.9931,0.2182,-4.572,1.0
-4.7462,,,-1.2966,1.0
-3.2051,,0.97565,0.045675,1.0
-1.7549,,-0.75774,,1.0
-0.59587,,-2.8673,-0.89828,1.0
-0.89542,2.0279,-2.3652,-1.2746,1.0
-2.0754,1.2767,-0.64206,-1.2642,1.0
-3.2778,1.8023,0.1805,-2.3931,1.0
-2.2183,-1.254,2.9986,,1.0
-3.5895,-6.572,10.5251,,1.0
,-5.8023,11.244,-0.3901,1.0
-3.5741,3.944,-0.07912,,1.0
-0.7351,1.7361,-1.4938,-1.1582,1.0
-2.2617,-4.7428,6.3489,0.11162,1.0
-4.244,-13.0634,17.1116,-2.8017,1.0
-4.0218,-8.304,,,1.0
,-0.67253,,0.85774,1.0
-2.4941,,-1.3721,,1.0
-0.83121,0.039307,,,1.0
-2.5665,,7.5416,0.70774,1.0
-4.4018,-12.9371,,-1.6806,1.0
-3.7573,,,0.38059,1.0
-2.4725,-0.40145,1.4855,1.1189,1.0
-1.9725,,-2.3086,-2.3724,1.0
-2.0149,3.6874,,,1.0
,,-0.48869,-0.52716,1.0
-1.7886,-6.3486,,0.42584,1.0
-2.9138,-9.4711,9.7668,-0.60216,1.0
,-6.5907,,0.54998,1.0
,,-0.20165,0.55774,1.0
-0.70346,2.957,,,1.0
-6.7387,6.9879,0.67833,-7.5887,1.0
-2.7723,,-0.9351,-3.1457,1.0
-1.6641,-1.3678,1.997,0.52283,1.0
,-9.2497,8.9922,-0.50001,1.0
-3.793,-12.7095,12.7957,-2.825,1.0
,-6.9756,,-0.12889,1.0
-0.69078,,-0.35417,0.47498,1.0
,3.3998,-4.4327,-4.2655,1.0
-4.3967,4.9601,,-5.4719,1.0
-2.456,-0.24418,1.4041,-0.45863,1.0
,-6.8555,6.2169,-0.62285,1.0
-2.9662,-10.3257,8.784,-2.1138,1.0
-0.71494,-4.4448,,0.49826,1.0
,,-2.2126,0.097399,1.0
0.61652,,-4.7275,-4.3948,1.0
,7.2363,0.10938,,1.0
-3.5798,0.45937,2.3457,-0.45734,1.0
-2.7769,-5.6967,5.9179,0.37671,1.0
-1.8356,-6.7562,5.0585,-0.55044,1.0
,,-1.7542,0.48921,1.0
,4.1323,-4.7018,-2.5987,1.0
0.26877,4.987,,-6.3913,1.0
-6.5235,9.6014,-0.25392,-6.9642,1.0
,,0.79571,-1.1039,1.0
,-1.7051,1.5026,0.32757,1.0
-1.3414,-1.9162,-0.15538,-0.11984,1.0
,2.0879,-3.3522,-0.66553,1.0
0.6212,,-4.0771,-2.0711,1.0
-0.77848,3.4019,,-3.5569,1.0
-4.1244,,,-4.1802,1.0
,9.2,0.25933,-4.6832,1.0
,,0.82742,-1.4957,1.0
-3.5359,0.30417,,,1.0
-2.0662,0.16967,,,1.0
-0.88728,2.808,-3.1432,-1.2035,1.0
-1.0941,2.3072,,-1.4453,1.0
,1.6285,-0.88541,-1.4802,1.0
,,0.1865,-2.4409,1.0
-2.2811,-0.85669,2.7185,,1.0
-3.6053,-5.974,10.0916,-0.82846,1.0
-5.0676,-5.1877,10.4266,-0.86725,1.0
-3.9204,,-0.23678,,1.0
-1.1306,1.8458,,-1.3806,1.0
-2.4561,,6.4534,,1.0
-4.4775,-13.0303,,-3.0345,1.0
-4.1958,-8.1819,12.1291,-1.6017,1.0
-3.38,,2.5325,0.71808,1.0
,3.6026,-1.4166,-2.8948,1.0
-0.77688,0.13036,,-0.35389,1.0
-2.7083,-6.8266,,0.59007,1.0
-4.5531,-12.5854,15.4417,-1.4983,1.0
-3.8894,,9.8208,0.47498,1.0
-2.5084,-0.22763,1.488,1.2069,1.0
-2.1652,,-2.4132,-2.4241,1.0
-1.8974,3.5074,-1.7842,,1.0
-0.62043,0.5587,-0.38587,-0.66423,1.0
-1.8387,-6.301,,0.19567,1.0
-3.0,-9.1566,9.5766,,1.0
,-6.1603,5.606,,1.0
-1.005,,-0.2462,0.45688,1.0
,3.257,-3.6778,-3.2944,1.0
-6.651,6.7934,,-7.5887,1.0
-2.5463,,-0.83228,-3.0358,1.0
,-1.432,2.1144,0.42067,1.0
,-9.0407,8.862,,1.0
-3.9411,-12.8792,13.0597,-3.3125,1.0
-2.1241,-6.8969,5.5992,-0.47156,1.0
-0.74324,,,0.23317,1.0
,3.7412,-4.5415,-4.2526,1.0
,4.9166,-0.49212,,1.0
,,1.692,-0.43018,1.0
-2.5526,-7.3625,,-0.66811,1.0
-3.0986,-10.4602,8.9717,-2.3427,1.0
-0.89809,-4.4862,2.2009,0.50731,1.0
0.56232,,-2.2726,-0.0060486,1.0
0.53936,3.8944,-4.8166,-4.3418,1.0
,,0.029699,-7.3987,1.0
-3.3553,,,-0.37846,1.0
-2.7908,-5.7133,5.953,0.45946,1.0
-1.9983,-6.6072,4.8254,-0.41984,1.0
0.15423,0.11794,-1.6823,0.59524,1.0
,4.0744,-4.7635,,1.0
,4.8856,-5.149,,1.0
-6.4247,9.5311,,-6.8517,1.0
-3.9933,2.6218,0.62863,,1.0
-2.659,-1.6058,1.3647,0.16464,1.0
-1.4094,-2.1252,,-0.19225,1.0
0.11032,,,-0.65259,1.0
,3.644,-4.0746,-1.9909,1.0
-0.76794,3.4598,-3.4405,-3.4276,1.0
-3.9698,3.6812,-0.60008,-4.0133,1.0
-7.0364,9.2931,0.16594,,1.0
-4.9447,3.3005,1.063,-1.444,1.0
-3.5933,,0.7126,-0.3332,1.0
-2.1674,0.12415,,,1.0
-0.9607,2.6963,-3.1226,,1.0
,2.1996,-2.5862,-1.2759,1.0
-2.3277,,-0.82114,-1.2862,1.0
-3.7244,1.9037,-0.035421,-2.5095,1.0
-2.5724,-0.95602,2.7073,,1.0
-3.9297,,10.0958,,1.0
-5.2943,-5.1463,10.3332,-1.1181,1.0
-3.8953,4.0392,-0.3019,-2.1836,1.0
-1.2244,1.7485,-1.4801,,1.0
-2.6406,-4.4159,5.983,-0.13924,1.0
-4.6338,-12.7509,16.7166,,1.0
-4.2887,,11.8387,-1.8978,1.0
-3.3458,-0.50491,2.6328,0.53705,1.0
,3.3357,-1.3455,,1.0
0.55939,-0.3104,0.18307,0.44653,1.0
,-7.3191,,1.2289,1.0
-3.506,,,-0.75216,1.0
,-8.273,10.2646,,1.0
-1.6029,-0.38903,,1.9103,1.0
-1.2667,2.8183,-2.426,-1.8862,1.0
-0.49281,3.0605,,-2.834,1.0
0.66365,-0.045533,-0.18794,,1.0
-0.72068,-6.7583,5.8408,0.62369,1.0
,,9.682,-0.12889,1.0
-0.97325,-6.4168,5.6026,,1.0
-0.025314,-0.17383,-0.11339,,1.0
0.062525,2.9301,-3.5467,-2.6737,1.0
-5.525,6.3258,0.89768,-6.6241,1.0
-1.2943,,-0.84085,,1.0
-0.24037,,,1.2418,1.0
-1.3968,-9.6698,9.4652,-0.34872,1.0
-2.9672,-13.2869,13.4727,-2.6271,1.0
-1.1005,-7.2508,6.0139,0.36895,1.0
0.22432,-0.52147,,1.2017,1.0
0.90407,3.3708,,,1.0
-2.8619,,,-4.2629,1.0
-1.0833,-0.31247,1.2815,0.41291,1.0
-1.5681,-7.2446,6.5537,-0.1276,1.0
-2.0545,-10.8679,,,1.0
0.2346,-4.5152,2.1195,1.4448,1.0
1.581,0.86909,-2.3138,0.82412,1.0
1.5514,3.8013,-4.9143,-3.7483,1.0
-4.1479,7.1225,-0.083404,,1.0
-2.2625,,2.8127,0.48662,1.0
-1.7479,-5.823,5.8699,,1.0
-0.95923,-6.7128,4.9857,0.32886,1.0
,0.23589,,1.3258,1.0
2.2279,,,-2.1112,1.0
1.2572,4.8731,-5.2861,-5.8741,1.0
-5.3857,9.1214,-0.41929,-5.9181,1.0
,2.3445,0.52667,,1.0
,,1.7082,0.9017,1.0
-0.21888,-2.2038,-0.0954,0.56421,1.0
,,-3.3111,0.065071,1.0
,3.4288,-4.0309,-1.4259,1.0
0.11592,3.2219,,-2.8457,1.0
-3.3924,3.3564,,-3.5233,1.0
-6.1632,8.7096,-0.21621,,1.0
-4.0786,2.9239,0.87026,,1.0
-2.5899,-0.3911,0.93452,0.42972,1.0
-1.0116,-0.19038,-0.90597,,1.0
0.066129,2.4914,-2.9401,-0.62156,1.0
,,-2.4697,-0.80518,1.0
-1.5732,1.0636,-0.71232,-0.8388,1.0
-2.1668,1.5933,0.045122,,1.0
,-1.4237,2.9241,,1.0
,-6.63,10.4849,-0.42113,1.0
-4.5046,-5.8126,10.8867,-0.52846,1.0
-2.41,3.7433,-0.40215,-1.2953,1.0
0.40614,1.3492,,,1.0
-1.3887,,6.4774,,1.0
-3.7503,-13.4586,17.5932,-2.7771,1.0
,-8.3827,,-1.2823,1.0
,-0.65804,2.6842,1.1952,1.0
